{"is_source_file": true, "format": "md", "description": ".md file: README.md", "external_files": [], "external_methods": [], "published": [], "classes": [], "methods": [], "calls": [], "search-terms": ["README.md", "md"], "state": 2, "filename": "README.md", "format-version": 4, "code-base-name": "https://github.com/kavia-common/simple-todo-application-6570-6579.git:kavia-main", "knowledge_revision": 3, "git_revision": "c1411ed92901ced42147ba9db3e35c235eb2fc3c", "revision_history": [{"3": "c1411ed92901ced42147ba9db3e35c235eb2fc3c"}]}